{
    "Years": [
        2021,
        2022
    ],
    "Actual": [
        3252.5454545454545,
        590.2727272727273
    ],
    "Predicted": [
        2310.762939453125,
        2481.242431640625
    ]
}