Best_Units,Best_Learning_Rate,Best_Epochs,RMSE,R2
76,0.009302441205859381,76,1493.7738665157535,-0.2592867080466974
