{
    "Years": [
        2021,
        2022
    ],
    "Actual": [
        3252.5454545454545,
        590.2727272727273
    ],
    "Predicted": [
        2453.26123046875,
        2681.271484375
    ]
}