Best_Units,Best_Learning_Rate,Best_Epochs,RMSE,R2
10,0.02,44,1582.8978288350056,-0.4140366687490573
