Best_Units,Best_Learning_Rate,Best_Epochs,RMSE,R2
80,0.009905713227703332,68,1510.3131565880626,-0.28732711280229695
