Best_Units,Best_Learning_Rate,Best_Epochs,RMSE,R2
38,0.010321671235825666,20,1502.799085767154,-0.27454962429669183
