{
    "Actual": [
        3252.5454545454545,
        590.2727272727273
    ],
    "Hybrid_Predicted": [
        1891.11669921875,
        2222.241455078125
    ]
}