{
    "Actual": [
        3252.5454545454545,
        590.2727272727273
    ],
    "Linear Regression": [
        3399.227272727294,
        4104.727272727294
    ],
    "ARIMA": [
        2548.6384133632937,
        2783.6319413278466
    ],
    "LSTM": [
        445.33709716796875,
        525.5582275390625
    ]
}