Model,RMSE,R2
Linear Regression,2487.258159887248,-2.491376091188683
ARIMA,1628.8507857545321,-0.4973299387616201
LSTM,1985.5234483890868,-1.2248715648816266
