{
    "Years": [
        2021,
        2022
    ],
    "Actual": [
        3252.5454545454545,
        590.2727272727273
    ],
    "Predicted": [
        2549.029052734375,
        3093.803466796875
    ]
}