Best_Units,Best_Learning_Rate,Best_Epochs,RMSE,R2
96,0.0022735882664862155,60,1838.8313532457967,-0.908265089357952
