Best_Units,Best_Learning_Rate,Best_Epochs,RMSE,R2
85,0.00472876496194481,28,1492.0820085896394,-0.25643577094357206
