{
    "Years": [
        2021,
        2022
    ],
    "Actual": [
        3252.5454545454545,
        590.2727272727273
    ],
    "Predicted": [
        1637.30322265625,
        1948.0687255859375
    ]
}